pool,feature,metric,quartile,n_reactions,feature_min,feature_max,mean_effect
historical_cap10,candidate_count,mean_20seed_delta_top1,Q1,733,1.0,6.0,0.01227830832196453
historical_cap10,candidate_count,mean_20seed_delta_top1,Q2,1279,7.0,8.0,0.005785770132916341
historical_cap10,candidate_count,mean_20seed_delta_top1,Q3,797,9.0,9.0,0.00031367628607277233
historical_cap10,candidate_count,mean_20seed_delta_top1,Q4,1005,10.0,10.0,0.010149253731343283
historical_cap10,candidate_count,mean_20seed_delta_mrr,Q1,733,1.0,6.0,0.007112323783537971
historical_cap10,candidate_count,mean_20seed_delta_mrr,Q2,1279,7.0,8.0,0.0051521836256003565
historical_cap10,candidate_count,mean_20seed_delta_mrr,Q3,797,9.0,9.0,0.0019514897134094117
historical_cap10,candidate_count,mean_20seed_delta_mrr,Q4,1005,10.0,10.0,0.0066003316749585405
historical_cap10,shared_candidate_count,mean_20seed_delta_top1,Q1,733,1.0,6.0,0.01227830832196453
historical_cap10,shared_candidate_count,mean_20seed_delta_top1,Q2,1279,7.0,8.0,0.005785770132916341
historical_cap10,shared_candidate_count,mean_20seed_delta_top1,Q3,797,9.0,9.0,0.00031367628607277233
historical_cap10,shared_candidate_count,mean_20seed_delta_top1,Q4,1005,10.0,10.0,0.010149253731343283
historical_cap10,shared_candidate_count,mean_20seed_delta_mrr,Q1,733,1.0,6.0,0.007112323783537971
historical_cap10,shared_candidate_count,mean_20seed_delta_mrr,Q2,1279,7.0,8.0,0.0051521836256003565
historical_cap10,shared_candidate_count,mean_20seed_delta_mrr,Q3,797,9.0,9.0,0.0019514897134094117
historical_cap10,shared_candidate_count,mean_20seed_delta_mrr,Q4,1005,10.0,10.0,0.0066003316749585405
historical_cap10,kendall_order_vs_historical,mean_20seed_delta_top1,Q1,762,0.9999999999999998,0.9999999999999998,0.005511811023622046
historical_cap10,kendall_order_vs_historical,mean_20seed_delta_top1,Q2,1386,0.9999999999999999,0.9999999999999999,0.011147186147186147
historical_cap10,kendall_order_vs_historical,mean_20seed_delta_top1,Q4,1579,1.0,1.0,0.0045598480050664985
historical_cap10,kendall_order_vs_historical,mean_20seed_delta_mrr,Q1,762,0.9999999999999998,0.9999999999999998,0.005546650418697662
historical_cap10,kendall_order_vs_historical,mean_20seed_delta_mrr,Q2,1386,0.9999999999999999,0.9999999999999999,0.007092352092352093
historical_cap10,kendall_order_vs_historical,mean_20seed_delta_mrr,Q4,1579,1.0,1.0,0.003758770871658775
historical_cap10,normalized_stored_prior_mass_entropy,mean_20seed_delta_top1,Q1,931,0.0013854413693088377,0.16661915946068281,0.0005370569280343716
historical_cap10,normalized_stored_prior_mass_entropy,mean_20seed_delta_top1,Q2,932,0.16731531981067915,0.3853450411974471,0.0023068669527897
historical_cap10,normalized_stored_prior_mass_entropy,mean_20seed_delta_top1,Q3,932,0.3855694960406089,0.5787890864645483,0.011319742489270384
historical_cap10,normalized_stored_prior_mass_entropy,mean_20seed_delta_top1,Q4,932,0.578889287596341,1.0,0.014645922746781118
historical_cap10,normalized_stored_prior_mass_entropy,mean_20seed_delta_mrr,Q1,931,0.0013854413693088377,0.16661915946068281,0.0002014176597957479
historical_cap10,normalized_stored_prior_mass_entropy,mean_20seed_delta_mrr,Q2,932,0.16731531981067915,0.3853450411974471,0.0009020326657129235
historical_cap10,normalized_stored_prior_mass_entropy,mean_20seed_delta_mrr,Q3,932,0.3855694960406089,0.5787890864645483,0.008086743817698753
historical_cap10,normalized_stored_prior_mass_entropy,mean_20seed_delta_mrr,Q4,932,0.578889287596341,1.0,0.012260286804278219
historical_cap10,mean_pairwise_morgan_distance,mean_20seed_delta_top1,Q1,931,0.1132075471698113,0.39259023997772097,0.013641245972073038
historical_cap10,mean_pairwise_morgan_distance,mean_20seed_delta_top1,Q2,932,0.39261152797915877,0.4566133071726776,0.006384120171673819
historical_cap10,mean_pairwise_morgan_distance,mean_20seed_delta_top1,Q3,932,0.45668040335988624,0.5280488062923182,0.0059012875536480665
historical_cap10,mean_pairwise_morgan_distance,mean_20seed_delta_top1,Q4,932,0.5282059464729515,0.8156400802328242,0.0028969957081545067
historical_cap10,mean_pairwise_morgan_distance,mean_20seed_delta_mrr,Q1,931,0.1132075471698113,0.39259023997772097,0.008858626157229809
historical_cap10,mean_pairwise_morgan_distance,mean_20seed_delta_mrr,Q2,932,0.39261152797915877,0.4566133071726776,0.006154987567272976
historical_cap10,mean_pairwise_morgan_distance,mean_20seed_delta_mrr,Q3,932,0.45668040335988624,0.5280488062923182,0.0037565782750868582
historical_cap10,mean_pairwise_morgan_distance,mean_20seed_delta_mrr,Q4,932,0.5282059464729515,0.8156400802328242,0.0026895777982151375
historical_cap10,max_nonreference_similarity_to_truth,mean_20seed_delta_top1,Q1,928,0.15151515151515152,0.6329113924050633,0.00016163793103448268
historical_cap10,max_nonreference_similarity_to_truth,mean_20seed_delta_top1,Q2,934,0.6333333333333333,0.765625,0.005513918629550321
historical_cap10,max_nonreference_similarity_to_truth,mean_20seed_delta_top1,Q3,937,0.7659574468085106,0.8360655737704918,0.01504802561366062
historical_cap10,max_nonreference_similarity_to_truth,mean_20seed_delta_top1,Q4,928,0.8363636363636363,1.0,0.00802801724137931
historical_cap10,max_nonreference_similarity_to_truth,mean_20seed_delta_mrr,Q1,928,0.15151515151515152,0.6329113924050633,0.0020827132936507937
historical_cap10,max_nonreference_similarity_to_truth,mean_20seed_delta_mrr,Q2,934,0.6333333333333333,0.765625,0.004398303932565175
historical_cap10,max_nonreference_similarity_to_truth,mean_20seed_delta_mrr,Q3,937,0.7659574468085106,0.8360655737704918,0.008575113076180313
historical_cap10,max_nonreference_similarity_to_truth,mean_20seed_delta_mrr,Q4,928,0.8363636363636363,1.0,0.006374991447728517
aizynthfinder_only,candidate_count,mean_20seed_delta_top1,Q1,913,1.0,9.0,0.0001642935377875137
aizynthfinder_only,candidate_count,mean_20seed_delta_top1,Q3,2901,10.0,10.0,-0.00013788348845225802
aizynthfinder_only,candidate_count,mean_20seed_delta_mrr,Q1,913,1.0,9.0,0.000479450268606895
aizynthfinder_only,candidate_count,mean_20seed_delta_mrr,Q3,2901,10.0,10.0,0.000615045167785602
aizynthfinder_only,jaccard_vs_historical,mean_20seed_delta_top1,Q1,1259,0.375,0.8,-0.00210484511517077
aizynthfinder_only,jaccard_vs_historical,mean_20seed_delta_top1,Q2,810,0.8333333333333334,0.9,0.0006790123456790122
aizynthfinder_only,jaccard_vs_historical,mean_20seed_delta_top1,Q4,1745,1.0,1.0,0.0010601719197707736
aizynthfinder_only,jaccard_vs_historical,mean_20seed_delta_mrr,Q1,1259,0.375,0.8,-0.00017453698450521342
aizynthfinder_only,jaccard_vs_historical,mean_20seed_delta_mrr,Q2,810,0.8333333333333334,0.9,0.0006906231628453851
aizynthfinder_only,jaccard_vs_historical,mean_20seed_delta_mrr,Q4,1745,1.0,1.0,0.0010786942284076956
aizynthfinder_only,shared_candidate_count,mean_20seed_delta_top1,Q1,733,1.0,6.0,-0.0020463847203274215
aizynthfinder_only,shared_candidate_count,mean_20seed_delta_top1,Q2,1279,7.0,8.0,-0.0007818608287724785
aizynthfinder_only,shared_candidate_count,mean_20seed_delta_top1,Q3,797,9.0,9.0,0.0006900878293601003
aizynthfinder_only,shared_candidate_count,mean_20seed_delta_top1,Q4,1005,10.0,10.0,0.001691542288557214
aizynthfinder_only,shared_candidate_count,mean_20seed_delta_mrr,Q1,733,1.0,6.0,-0.0013601961930747742
aizynthfinder_only,shared_candidate_count,mean_20seed_delta_mrr,Q2,1279,7.0,8.0,0.0010169930625364557
aizynthfinder_only,shared_candidate_count,mean_20seed_delta_mrr,Q3,797,9.0,9.0,0.000498595925195674
aizynthfinder_only,shared_candidate_count,mean_20seed_delta_mrr,Q4,1005,10.0,10.0,0.001513326226012793
aizynthfinder_only,kendall_order_vs_historical,mean_20seed_delta_top1,Q1,762,0.9999999999999998,0.9999999999999998,-0.0011811023622047246
aizynthfinder_only,kendall_order_vs_historical,mean_20seed_delta_top1,Q2,1386,0.9999999999999999,0.9999999999999999,0.00014430014430014427
aizynthfinder_only,kendall_order_vs_historical,mean_20seed_delta_top1,Q4,1579,1.0,1.0,0.00028499050031665615
aizynthfinder_only,kendall_order_vs_historical,mean_20seed_delta_mrr,Q1,762,0.9999999999999998,0.9999999999999998,0.0019775132275132268
aizynthfinder_only,kendall_order_vs_historical,mean_20seed_delta_mrr,Q2,1386,0.9999999999999999,0.9999999999999999,0.0002487030165601593
aizynthfinder_only,kendall_order_vs_historical,mean_20seed_delta_mrr,Q4,1579,1.0,1.0,0.00023458940257546973
aizynthfinder_only,normalized_stored_prior_mass_entropy,mean_20seed_delta_top1,Q1,978,-0.0,0.8902345136471207,0.00015337423312883434
aizynthfinder_only,normalized_stored_prior_mass_entropy,mean_20seed_delta_top1,Q2,934,0.9342897802984251,0.9833662922325805,0.0010171306209850104
aizynthfinder_only,normalized_stored_prior_mass_entropy,mean_20seed_delta_top1,Q3,858,0.9861897713265204,0.9933592174474118,0.002097902097902098
aizynthfinder_only,normalized_stored_prior_mass_entropy,mean_20seed_delta_top1,Q4,957,0.9941025975892164,0.9990942146971094,-0.0032915360501567397
aizynthfinder_only,normalized_stored_prior_mass_entropy,mean_20seed_delta_mrr,Q1,978,-0.0,0.8902345136471207,0.0008148716200863438
aizynthfinder_only,normalized_stored_prior_mass_entropy,mean_20seed_delta_mrr,Q2,934,0.9342897802984251,0.9833662922325805,0.000380085653104925
aizynthfinder_only,normalized_stored_prior_mass_entropy,mean_20seed_delta_mrr,Q3,858,0.9861897713265204,0.9933592174474118,0.0014276001776001774
aizynthfinder_only,normalized_stored_prior_mass_entropy,mean_20seed_delta_mrr,Q4,957,0.9941025975892164,0.9990942146971094,-0.0001617986100744719
aizynthfinder_only,mean_pairwise_morgan_distance,mean_20seed_delta_top1,Q1,931,0.1132075471698113,0.40072342476899125,-0.00021482277121374885
aizynthfinder_only,mean_pairwise_morgan_distance,mean_20seed_delta_top1,Q2,932,0.4007709857124278,0.4617278392394905,0.0011266094420600851
aizynthfinder_only,mean_pairwise_morgan_distance,mean_20seed_delta_top1,Q3,932,0.46173859131337514,0.5320033417318998,0.0028969957081545067
aizynthfinder_only,mean_pairwise_morgan_distance,mean_20seed_delta_top1,Q4,932,0.5320968898334484,0.8156400802328242,-0.00407725321888412
aizynthfinder_only,mean_pairwise_morgan_distance,mean_20seed_delta_mrr,Q1,931,0.1132075471698113,0.40072342476899125,-0.0006780343716433947
aizynthfinder_only,mean_pairwise_morgan_distance,mean_20seed_delta_mrr,Q2,932,0.4007709857124278,0.4617278392394905,0.0026426996048777166
aizynthfinder_only,mean_pairwise_morgan_distance,mean_20seed_delta_mrr,Q3,932,0.46173859131337514,0.5320033417318998,0.0017504811295047345
aizynthfinder_only,mean_pairwise_morgan_distance,mean_20seed_delta_mrr,Q4,932,0.5320968898334484,0.8156400802328242,-0.0013317707268887527
aizynthfinder_only,max_nonreference_similarity_to_truth,mean_20seed_delta_top1,Q1,930,0.15151515151515152,0.6486486486486487,-0.0024731182795698927
aizynthfinder_only,max_nonreference_similarity_to_truth,mean_20seed_delta_top1,Q2,930,0.65,0.7708333333333334,-0.0023118279569892476
aizynthfinder_only,max_nonreference_similarity_to_truth,mean_20seed_delta_top1,Q3,935,0.7714285714285715,0.8372093023255814,0.00026737967914438465
aizynthfinder_only,max_nonreference_similarity_to_truth,mean_20seed_delta_top1,Q4,932,0.8375,1.0,0.0042381974248927035
aizynthfinder_only,max_nonreference_similarity_to_truth,mean_20seed_delta_mrr,Q1,930,0.15151515151515152,0.6486486486486487,-0.0009624295954941118
aizynthfinder_only,max_nonreference_similarity_to_truth,mean_20seed_delta_mrr,Q2,930,0.65,0.7708333333333334,-0.0013426565966888542
aizynthfinder_only,max_nonreference_similarity_to_truth,mean_20seed_delta_mrr,Q3,935,0.7714285714285715,0.8372093023255814,0.0018203038791274086
aizynthfinder_only,max_nonreference_similarity_to_truth,mean_20seed_delta_mrr,Q4,932,0.8375,1.0,0.002858079569452959
localretro_only,candidate_count,mean_20seed_delta_top1,Q1,5,5.0,9.0,0.0
localretro_only,candidate_count,mean_20seed_delta_top1,Q3,3809,10.0,10.0,-0.0001575216592281439
localretro_only,candidate_count,mean_20seed_delta_mrr,Q1,5,5.0,9.0,0.0015714285714285715
localretro_only,candidate_count,mean_20seed_delta_mrr,Q3,3809,10.0,10.0,-9.943554738776582e-05
localretro_only,jaccard_vs_historical,mean_20seed_delta_top1,Q1,1027,0.05263157894736842,0.2,0.0
localretro_only,jaccard_vs_historical,mean_20seed_delta_top1,Q2,830,0.21428571428571427,0.3,-0.0006626506024096386
localretro_only,jaccard_vs_historical,mean_20seed_delta_top1,Q3,968,0.3076923076923077,0.4166666666666667,0.0
localretro_only,jaccard_vs_historical,mean_20seed_delta_top1,Q4,989,0.42857142857142855,0.9,-5.055611729019213e-05
localretro_only,jaccard_vs_historical,mean_20seed_delta_mrr,Q1,1027,0.05263157894736842,0.2,-6.452759617316586e-06
localretro_only,jaccard_vs_historical,mean_20seed_delta_mrr,Q2,830,0.21428571428571427,0.3,-0.0004955536431440047
localretro_only,jaccard_vs_historical,mean_20seed_delta_mrr,Q3,968,0.3076923076923077,0.4166666666666667,0.00010492506231142592
localretro_only,jaccard_vs_historical,mean_20seed_delta_mrr,Q4,989,0.42857142857142855,0.9,-5.5130242187876174e-05
localretro_only,shared_candidate_count,mean_20seed_delta_top1,Q1,674,1.0,2.0,-7.418397626112761e-05
localretro_only,shared_candidate_count,mean_20seed_delta_top1,Q2,1431,3.0,4.0,-0.00034940600978336826
localretro_only,shared_candidate_count,mean_20seed_delta_top1,Q3,783,5.0,5.0,0.0
localretro_only,shared_candidate_count,mean_20seed_delta_top1,Q4,926,6.0,9.0,-5.3995680345572374e-05
localretro_only,shared_candidate_count,mean_20seed_delta_mrr,Q1,674,1.0,2.0,4.7542508595921e-05
localretro_only,shared_candidate_count,mean_20seed_delta_mrr,Q2,1431,3.0,4.0,-0.00028996539216665006
localretro_only,shared_candidate_count,mean_20seed_delta_mrr,Q3,783,5.0,5.0,6.991323562204785e-05
localretro_only,shared_candidate_count,mean_20seed_delta_mrr,Q4,926,6.0,9.0,-4.6153450581096404e-05
localretro_only,kendall_order_vs_historical,mean_20seed_delta_top1,Q1,877,-1.0,0.3333333333333333,-5.7012542759407075e-05
localretro_only,kendall_order_vs_historical,mean_20seed_delta_top1,Q2,839,0.33333333333333337,0.5714285714285714,-5.959475566150179e-05
localretro_only,kendall_order_vs_historical,mean_20seed_delta_top1,Q3,898,0.6,0.8095238095238096,0.00011135857461024499
localretro_only,kendall_order_vs_historical,mean_20seed_delta_top1,Q4,887,0.8666666666666666,1.0,-0.0006764374295377679
localretro_only,kendall_order_vs_historical,mean_20seed_delta_mrr,Q1,877,-1.0,0.3333333333333333,0.00016612821487393888
localretro_only,kendall_order_vs_historical,mean_20seed_delta_mrr,Q2,839,0.33333333333333337,0.5714285714285714,-0.00018249711485706721
localretro_only,kendall_order_vs_historical,mean_20seed_delta_mrr,Q3,898,0.6,0.8095238095238096,-5.2365044013150916e-05
localretro_only,kendall_order_vs_historical,mean_20seed_delta_mrr,Q4,887,0.8666666666666666,1.0,-0.0003272802920491759
localretro_only,normalized_stored_prior_mass_entropy,mean_20seed_delta_top1,Q1,1002,0.7952181416542043,0.9987238466968399,0.0
localretro_only,normalized_stored_prior_mass_entropy,mean_20seed_delta_top1,Q2,1092,0.9987893880525748,0.9989583308233024,4.578754578754579e-05
localretro_only,normalized_stored_prior_mass_entropy,mean_20seed_delta_top1,Q3,555,0.9990068397530226,0.9990068397530226,0.0
localretro_only,normalized_stored_prior_mass_entropy,mean_20seed_delta_top1,Q4,1165,0.9990520360375403,0.9990942146971094,-0.0005579399141630902
localretro_only,normalized_stored_prior_mass_entropy,mean_20seed_delta_mrr,Q1,1002,0.7952181416542043,0.9987238466968399,0.00014322545385419636
localretro_only,normalized_stored_prior_mass_entropy,mean_20seed_delta_mrr,Q2,1092,0.9987893880525748,0.9989583308233024,6.606488749345891e-05
localretro_only,normalized_stored_prior_mass_entropy,mean_20seed_delta_mrr,Q3,555,0.9990068397530226,0.9990068397530226,1.4264264264264269e-05
localretro_only,normalized_stored_prior_mass_entropy,mean_20seed_delta_mrr,Q4,1165,0.9990520360375403,0.9990942146971094,-0.0005102697731453098
localretro_only,mean_pairwise_morgan_distance,mean_20seed_delta_top1,Q1,953,0.1822851651574399,0.37734096472237433,-0.0005771248688352571
localretro_only,mean_pairwise_morgan_distance,mean_20seed_delta_top1,Q2,954,0.3773498984712503,0.43279841237932926,0.0
localretro_only,mean_pairwise_morgan_distance,mean_20seed_delta_top1,Q3,953,0.43280719048578703,0.503998072698409,-5.246589716684156e-05
localretro_only,mean_pairwise_morgan_distance,mean_20seed_delta_top1,Q4,954,0.5042800358841512,0.7929294084544402,0.0
localretro_only,mean_pairwise_morgan_distance,mean_20seed_delta_mrr,Q1,953,0.1822851651574399,0.37734096472237433,-0.00041720798147870566
localretro_only,mean_pairwise_morgan_distance,mean_20seed_delta_mrr,Q2,954,0.3773498984712503,0.43279841237932926,9.729293534324977e-05
localretro_only,mean_pairwise_morgan_distance,mean_20seed_delta_mrr,Q3,953,0.43280719048578703,0.503998072698409,2.0903079664884572e-05
localretro_only,mean_pairwise_morgan_distance,mean_20seed_delta_mrr,Q4,954,0.5042800358841512,0.7929294084544402,-9.018002728694555e-05
localretro_only,max_nonreference_similarity_to_truth,mean_20seed_delta_top1,Q1,950,0.24324324324324326,0.7241379310344828,-0.0002105263157894737
localretro_only,max_nonreference_similarity_to_truth,mean_20seed_delta_top1,Q2,958,0.725,0.8064516129032258,0.00010438413361169103
localretro_only,max_nonreference_similarity_to_truth,mean_20seed_delta_top1,Q3,961,0.8070175438596491,0.8548387096774194,5.202913631633715e-05
localretro_only,max_nonreference_similarity_to_truth,mean_20seed_delta_top1,Q4,945,0.855072463768116,1.0,-0.0005820105820105821
localretro_only,max_nonreference_similarity_to_truth,mean_20seed_delta_mrr,Q1,950,0.24324324324324326,0.7241379310344828,3.684210526315785e-05
localretro_only,max_nonreference_similarity_to_truth,mean_20seed_delta_mrr,Q2,958,0.725,0.8064516129032258,-0.00020323839347847697
localretro_only,max_nonreference_similarity_to_truth,mean_20seed_delta_mrr,Q3,961,0.8070175438596491,0.8548387096774194,-2.2545959070412767e-05
localretro_only,max_nonreference_similarity_to_truth,mean_20seed_delta_mrr,Q4,945,0.855072463768116,1.0,-0.0002005542957923911
merged,candidate_count,mean_20seed_delta_top1,Q1,1,8.0,8.0,0.0
merged,candidate_count,mean_20seed_delta_top1,Q3,3813,10.0,10.0,-0.009061106740099658
merged,candidate_count,mean_20seed_delta_mrr,Q1,1,8.0,8.0,0.0
merged,candidate_count,mean_20seed_delta_mrr,Q3,3813,10.0,10.0,-0.0045292004379337185
merged,jaccard_vs_historical,mean_20seed_delta_top1,Q1,893,0.06666666666666667,0.2727272727272727,-0.017973124300111984
merged,jaccard_vs_historical,mean_20seed_delta_top1,Q2,1023,0.2857142857142857,0.38461538461538464,0.0005376344086021516
merged,jaccard_vs_historical,mean_20seed_delta_top1,Q3,928,0.4,0.5,-0.01923491379310345
merged,jaccard_vs_historical,mean_20seed_delta_top1,Q4,970,0.5384615384615384,1.0,-0.001237113402061856
merged,jaccard_vs_historical,mean_20seed_delta_mrr,Q1,893,0.06666666666666667,0.2727272727272727,-0.009090545512717966
merged,jaccard_vs_historical,mean_20seed_delta_mrr,Q2,1023,0.2857142857142857,0.38461538461538464,0.00015537479247156705
merged,jaccard_vs_historical,mean_20seed_delta_mrr,Q3,928,0.4,0.5,-0.00988563474958949
merged,jaccard_vs_historical,mean_20seed_delta_mrr,Q4,970,0.5384615384615384,1.0,-0.0001413025691376212
merged,shared_candidate_count,mean_20seed_delta_top1,Q1,720,1.0,3.0,-0.014097222222222221
merged,shared_candidate_count,mean_20seed_delta_top1,Q2,1438,4.0,5.0,-0.007719054242002783
merged,shared_candidate_count,mean_20seed_delta_top1,Q3,830,6.0,6.0,-0.017650602409638554
merged,shared_candidate_count,mean_20seed_delta_top1,Q4,826,7.0,10.0,0.0016343825665859576
merged,shared_candidate_count,mean_20seed_delta_mrr,Q1,720,1.0,3.0,-0.007109292328042328
merged,shared_candidate_count,mean_20seed_delta_mrr,Q2,1438,4.0,5.0,-0.003972269134821291
merged,shared_candidate_count,mean_20seed_delta_mrr,Q3,830,6.0,6.0,-0.008794104991394146
merged,shared_candidate_count,mean_20seed_delta_mrr,Q4,826,7.0,10.0,0.0010412583112340982
merged,kendall_order_vs_historical,mean_20seed_delta_top1,Q1,910,-1.0,0.3333333333333334,-0.002582417582417582
merged,kendall_order_vs_historical,mean_20seed_delta_top1,Q2,993,0.3571428571428571,0.6,-0.020896273917421954
merged,kendall_order_vs_historical,mean_20seed_delta_top1,Q3,797,0.611111111111111,0.7999999999999999,0.003513174404015058
merged,kendall_order_vs_historical,mean_20seed_delta_top1,Q4,886,0.8095238095238096,1.0,-0.011343115124153499
merged,kendall_order_vs_historical,mean_20seed_delta_mrr,Q1,910,-1.0,0.3333333333333334,-0.0013579277864992157
merged,kendall_order_vs_historical,mean_20seed_delta_mrr,Q2,993,0.3571428571428571,0.6,-0.01047836842021132
merged,kendall_order_vs_historical,mean_20seed_delta_mrr,Q3,797,0.611111111111111,0.7999999999999999,0.0018271145764872246
merged,kendall_order_vs_historical,mean_20seed_delta_mrr,Q4,886,0.8095238095238096,1.0,-0.005626769142570497
merged,normalized_stored_prior_mass_entropy,mean_20seed_delta_top1,Q1,941,0.7973598546419036,0.9988655206218616,-0.014771519659936238
merged,normalized_stored_prior_mass_entropy,mean_20seed_delta_top1,Q2,960,0.9988660470178248,0.9990520241892572,-0.008854166666666666
merged,normalized_stored_prior_mass_entropy,mean_20seed_delta_top1,Q3,959,0.9990520360375403,0.9992232577849521,-0.007351407716371221
merged,normalized_stored_prior_mass_entropy,mean_20seed_delta_top1,Q4,954,0.9992234465153581,0.9997440486044993,-0.005345911949685534
merged,normalized_stored_prior_mass_entropy,mean_20seed_delta_mrr,Q1,941,0.7973598546419036,0.9988655206218616,-0.0076639382284972085
merged,normalized_stored_prior_mass_entropy,mean_20seed_delta_mrr,Q2,960,0.9988660470178248,0.9990520241892572,-0.004357783564814815
merged,normalized_stored_prior_mass_entropy,mean_20seed_delta_mrr,Q3,959,0.9990520360375403,0.9992232577849521,-0.003790530810864492
merged,normalized_stored_prior_mass_entropy,mean_20seed_delta_mrr,Q4,954,0.9992234465153581,0.9997440486044993,-0.002347467638348142
merged,mean_pairwise_morgan_distance,mean_20seed_delta_top1,Q1,953,0.18432728595509795,0.38477641376180854,-0.012329485834207765
merged,mean_pairwise_morgan_distance,mean_20seed_delta_top1,Q2,954,0.38487533569350163,0.4415448316261528,-0.014360587002096437
merged,mean_pairwise_morgan_distance,mean_20seed_delta_top1,Q3,953,0.441695483907674,0.511456841256864,-0.004984260230849948
merged,mean_pairwise_morgan_distance,mean_20seed_delta_top1,Q4,954,0.5115491216743691,0.7882066225327459,-0.004559748427672956
merged,mean_pairwise_morgan_distance,mean_20seed_delta_mrr,Q1,953,0.18432728595509795,0.38477641376180854,-0.005899415380002998
merged,mean_pairwise_morgan_distance,mean_20seed_delta_mrr,Q2,954,0.38487533569350163,0.4415448316261528,-0.007107895743902034
merged,mean_pairwise_morgan_distance,mean_20seed_delta_mrr,Q3,953,0.441695483907674,0.511456841256864,-0.0023976290411232702
merged,mean_pairwise_morgan_distance,mean_20seed_delta_mrr,Q4,954,0.5115491216743691,0.7882066225327459,-0.0027063159295863696
merged,max_nonreference_similarity_to_truth,mean_20seed_delta_top1,Q1,953,0.24324324324324326,0.7258064516129032,-0.012644281217208815
merged,max_nonreference_similarity_to_truth,mean_20seed_delta_top1,Q2,955,0.726027397260274,0.8064516129032258,-0.014240837696335076
merged,max_nonreference_similarity_to_truth,mean_20seed_delta_top1,Q3,950,0.8070175438596491,0.8548387096774194,-0.002157894736842106
merged,max_nonreference_similarity_to_truth,mean_20seed_delta_top1,Q4,956,0.855072463768116,1.0,-0.007165271966527196
merged,max_nonreference_similarity_to_truth,mean_20seed_delta_mrr,Q1,953,0.24324324324324326,0.7258064516129032,-0.006642890454537884
merged,max_nonreference_similarity_to_truth,mean_20seed_delta_mrr,Q2,955,0.726027397260274,0.8064516129032258,-0.0077889969251225795
merged,max_nonreference_similarity_to_truth,mean_20seed_delta_mrr,Q3,950,0.8070175438596491,0.8548387096774194,-0.0006935254803675867
merged,max_nonreference_similarity_to_truth,mean_20seed_delta_mrr,Q4,956,0.855072463768116,1.0,-0.002972620707976356
