workstream,analysis_id,protocol_id,claim_role,comparison,scope,metric,effect,ci95_low,ci95_high,p_value,q_value,n_seeds,n_reactions,n_product_clusters,positive_seed_count,negative_seed_count,zero_seed_count,decision,source_file,source_locator
legacy,legacy-feature-controls,legacy-cap10-fixed50-v1,legacy_sensitivity,permuted_unimol_minus_prior_2d,within_pool,top1,-0.001806775407779182,,,,,5,3985,,,,,legacy_descriptive_point_estimate,outputs/revision_analysis/table5_feature_controls.csv,row:variant=permuted_unimol;column=top1_delta_vs_2d
legacy,legacy-feature-controls,legacy-cap10-fixed50-v1,legacy_sensitivity,permuted_unimol_minus_prior_2d,within_pool,mrr,-0.0011834259425226312,,,,,5,3985,,,,,legacy_descriptive_point_estimate,outputs/revision_analysis/table5_feature_controls.csv,row:variant=permuted_unimol;column=mrr_delta_vs_2d
legacy,legacy-feature-controls,legacy-cap10-fixed50-v1,legacy_sensitivity,unimol_atom_minus_prior_2d,within_pool,top1,0.003061480552070339,,,,,5,3985,,,,,legacy_descriptive_point_estimate,outputs/revision_analysis/table5_feature_controls.csv,row:variant=unimol_atom;column=top1_delta_vs_2d
legacy,legacy-feature-controls,legacy-cap10-fixed50-v1,legacy_sensitivity,unimol_atom_minus_prior_2d,within_pool,mrr,0.0017986895301825845,,,,,5,3985,,,,,legacy_descriptive_point_estimate,outputs/revision_analysis/table5_feature_controls.csv,row:variant=unimol_atom;column=mrr_delta_vs_2d
legacy,legacy-feature-controls,legacy-cap10-fixed50-v1,legacy_sensitivity,unimol_distance_minus_prior_2d,within_pool,top1,0.0015558343789209284,,,,,5,3985,,,,,legacy_descriptive_point_estimate,outputs/revision_analysis/table5_feature_controls.csv,row:variant=unimol_distance;column=top1_delta_vs_2d
legacy,legacy-feature-controls,legacy-cap10-fixed50-v1,legacy_sensitivity,unimol_distance_minus_prior_2d,within_pool,mrr,0.0013082193144928755,,,,,5,3985,,,,,legacy_descriptive_point_estimate,outputs/revision_analysis/table5_feature_controls.csv,row:variant=unimol_distance;column=mrr_delta_vs_2d
legacy,legacy-feature-controls,legacy-cap10-fixed50-v1,legacy_sensitivity,unimol_cosine_minus_prior_2d,within_pool,top1,0.0012547051442910462,,,,,5,3985,,,,,legacy_descriptive_point_estimate,outputs/revision_analysis/table5_feature_controls.csv,row:variant=unimol_cosine;column=top1_delta_vs_2d
legacy,legacy-feature-controls,legacy-cap10-fixed50-v1,legacy_sensitivity,unimol_cosine_minus_prior_2d,within_pool,mrr,0.0014162434526298062,,,,,5,3985,,,,,legacy_descriptive_point_estimate,outputs/revision_analysis/table5_feature_controls.csv,row:variant=unimol_cosine;column=mrr_delta_vs_2d
legacy,legacy-feature-controls,legacy-cap10-fixed50-v1,legacy_sensitivity,unimol_all_minus_prior_2d,within_pool,top1,0.007227101631116617,,,,,5,3985,,,,,legacy_descriptive_point_estimate,outputs/revision_analysis/table5_feature_controls.csv,row:variant=unimol_all;column=top1_delta_vs_2d
legacy,legacy-feature-controls,legacy-cap10-fixed50-v1,legacy_sensitivity,unimol_all_minus_prior_2d,within_pool,mrr,0.004683694807910643,,,,,5,3985,,,,,legacy_descriptive_point_estimate,outputs/revision_analysis/table5_feature_controls.csv,row:variant=unimol_all;column=mrr_delta_vs_2d
B,B2,legacy-cap10-fixed50-v1,conformer_robustness,unimol_augmented_minus_2d,within_pool_crossed_5x5,top1,0.0065545796737766625,0.00120426599749059,0.01204516938519448,,,5,3985,3985,25,0,0,robust,outputs/jcheminform_revision/conformer_aggregate/b2_analysis.json,$.top1.crossed_bootstrap
B,B2,legacy-cap10-fixed50-v1,conformer_robustness,unimol_augmented_minus_2d,within_pool_crossed_5x5,mrr,0.004233777459122503,0.0011342207882734862,0.007300498994244289,,,5,3985,3985,25,0,0,positive_ci_excludes_zero,outputs/jcheminform_revision/conformer_aggregate/b2_analysis.json,$.mrr.crossed_bootstrap
B,B3,cap10-tuned-b3-avg10-v1,conformer_averaging_sensitivity,b3_minus_2d,within_pool,mrr,0.0046262771105932965,0.0015766789149787898,0.007782054729043437,,,5,3985,3985,,,,positive_ci_excludes_zero,outputs/jcheminform_revision/conformer_aggregate/b3_ranking/analysis/clustered_inference.json,$.comparisons.b3_minus_2d.mrr
B,B3,cap10-tuned-b3-avg10-v1,conformer_averaging_sensitivity,b3_minus_2d,within_pool,top1,0.0065746549560853195,0.001104140526976161,0.012095357590966124,,,5,3985,3985,,,,positive_ci_excludes_zero,outputs/jcheminform_revision/conformer_aggregate/b3_ranking/analysis/clustered_inference.json,$.comparisons.b3_minus_2d.top1
B,B3,cap10-tuned-b3-avg10-v1,conformer_averaging_sensitivity,b3_minus_single_conformer,within_pool,mrr,-0.0005169584354026008,-0.002203532094560953,0.001149321363844576,,,5,3985,3985,,,,null_compatible,outputs/jcheminform_revision/conformer_aggregate/b3_ranking/analysis/clustered_inference.json,$.comparisons.b3_minus_single_conformer.mrr
B,B3,cap10-tuned-b3-avg10-v1,conformer_averaging_sensitivity,b3_minus_single_conformer,within_pool,top1,-0.0006524466750313675,-0.0038143036386449184,0.002409033877038896,,,5,3985,3985,,,,null_compatible,outputs/jcheminform_revision/conformer_aggregate/b3_ranking/analysis/clustered_inference.json,$.comparisons.b3_minus_single_conformer.top1
C,C1,cap10-tuned-encoder-attribution-v1,encoder_attribution,morgan_minus_2d,within_pool,top1,0.004968632371392723,0.0009033877038895861,0.008933500627352573,,,5,3985,3985,,,,pair_superior_on_both_endpoints_95,outputs/jcheminform_revision/encoder_attribution/encoder_attribution_summary.csv,row:comparison=morgan_minus_2d;metric=top1
C,C1,cap10-tuned-encoder-attribution-v1,encoder_attribution,morgan_minus_2d,within_pool,mrr,0.003416462528131286,0.0011034937563482107,0.005630811475573078,,,5,3985,3985,,,,pair_superior_on_both_endpoints_95,outputs/jcheminform_revision/encoder_attribution/encoder_attribution_summary.csv,row:comparison=morgan_minus_2d;metric=mrr
C,C1,cap10-tuned-encoder-attribution-v1,encoder_attribution,grover_minus_2d,within_pool,top1,0.0060727728983688825,0.0009033877038895861,0.011191969887076535,,,5,3985,3985,,,,pair_superior_on_both_endpoints_95,outputs/jcheminform_revision/encoder_attribution/encoder_attribution_summary.csv,row:comparison=grover_minus_2d;metric=top1
C,C1,cap10-tuned-encoder-attribution-v1,encoder_attribution,grover_minus_2d,within_pool,mrr,0.003366772221226425,0.0005703526119774552,0.0062128104399434385,,,5,3985,3985,,,,pair_superior_on_both_endpoints_95,outputs/jcheminform_revision/encoder_attribution/encoder_attribution_summary.csv,row:comparison=grover_minus_2d;metric=mrr
C,C1,cap10-tuned-encoder-attribution-v1,encoder_attribution,unimol_minus_2d,within_pool,top1,0.007227101631116688,0.0017063989962358844,0.012998745294855708,,,5,3985,3985,,,,pair_superior_on_both_endpoints_95,outputs/jcheminform_revision/encoder_attribution/encoder_attribution_summary.csv,row:comparison=unimol_minus_2d;metric=top1
C,C1,cap10-tuned-encoder-attribution-v1,encoder_attribution,unimol_minus_2d,within_pool,mrr,0.005143235545995897,0.0020661095178347373,0.008401486228117344,,,5,3985,3985,,,,pair_superior_on_both_endpoints_95,outputs/jcheminform_revision/encoder_attribution/encoder_attribution_summary.csv,row:comparison=unimol_minus_2d;metric=mrr
C,C1,cap10-tuned-encoder-attribution-v1,encoder_attribution,grover_minus_morgan,within_pool,top1,0.0011041405269761597,-0.003914680050188206,0.006223337515683814,,,5,3985,3985,,,,mixed_or_inconclusive_encoder_attribution,outputs/jcheminform_revision/encoder_attribution/encoder_attribution_summary.csv,row:comparison=grover_minus_morgan;metric=top1
C,C1,cap10-tuned-encoder-attribution-v1,encoder_attribution,grover_minus_morgan,within_pool,mrr,-4.969030690486142e-05,-0.0028556775407779177,0.002839390770946604,,,5,3985,3985,,,,mixed_or_inconclusive_encoder_attribution,outputs/jcheminform_revision/encoder_attribution/encoder_attribution_summary.csv,row:comparison=grover_minus_morgan;metric=mrr
C,C1,cap10-tuned-encoder-attribution-v1,encoder_attribution,unimol_minus_grover,within_pool,top1,0.001154328732747804,-0.004468005018820578,0.006875784190715182,,,5,3985,3985,,,,mixed_or_inconclusive_encoder_attribution,outputs/jcheminform_revision/encoder_attribution/encoder_attribution_summary.csv,row:comparison=unimol_minus_grover;metric=top1
C,C1,cap10-tuned-encoder-attribution-v1,encoder_attribution,unimol_minus_grover,within_pool,mrr,0.001776463324769473,-0.0014543137957818014,0.0050617225309195196,,,5,3985,3985,,,,mixed_or_inconclusive_encoder_attribution,outputs/jcheminform_revision/encoder_attribution/encoder_attribution_summary.csv,row:comparison=unimol_minus_grover;metric=mrr
C,C1,cap10-tuned-encoder-attribution-v1,encoder_attribution,unimol_minus_morgan,within_pool,top1,0.002258469259723965,-0.0035633626097867008,0.008230865746549562,,,5,3985,3985,,,,mixed_or_inconclusive_encoder_attribution,outputs/jcheminform_revision/encoder_attribution/encoder_attribution_summary.csv,row:comparison=unimol_minus_morgan;metric=top1
C,C1,cap10-tuned-encoder-attribution-v1,encoder_attribution,unimol_minus_morgan,within_pool,mrr,0.0017267730178646115,-0.0015496624245683217,0.00504784409790683,,,5,3985,3985,,,,mixed_or_inconclusive_encoder_attribution,outputs/jcheminform_revision/encoder_attribution/encoder_attribution_summary.csv,row:comparison=unimol_minus_morgan;metric=mrr
C,C2,cap10-tuned-unimol-projected32-v1,upper_bound_probe,projected_minus_2d,within_pool,top1,0.009335006273525681,,,,,5,3985,,,,,upper_bound_descriptive_point_estimate,outputs/jcheminform_revision/projected_probe/c2_primary/test_results/manifest.json,derived:$.descriptive_summary.top1.mean minus outputs/jcheminform_revision/tuned_primary/conformer_seed_42/test_results/manifest.json $.descriptive_summary.baseline.top1.mean
C,C2,cap10-tuned-unimol-projected32-v1,upper_bound_probe,projected_minus_unimol_scalar,within_pool,top1,0.002107904642409064,,,,,5,3985,,,,,upper_bound_descriptive_point_estimate,outputs/jcheminform_revision/projected_probe/c2_primary/test_results/manifest.json,derived:$.descriptive_summary.top1.mean minus outputs/jcheminform_revision/tuned_primary/conformer_seed_42/test_results/manifest.json $.descriptive_summary.augmented.top1.mean
C,C2,cap10-tuned-unimol-projected32-v1,upper_bound_probe,projected_minus_2d,within_pool,mrr,0.006064567525044251,,,,,5,3985,,,,,upper_bound_descriptive_point_estimate,outputs/jcheminform_revision/projected_probe/c2_primary/test_results/manifest.json,derived:$.descriptive_summary.mrr.mean minus outputs/jcheminform_revision/tuned_primary/conformer_seed_42/test_results/manifest.json $.descriptive_summary.baseline.mrr.mean
C,C2,cap10-tuned-unimol-projected32-v1,upper_bound_probe,projected_minus_unimol_scalar,within_pool,mrr,0.0009213319790484231,,,,,5,3985,,,,,upper_bound_descriptive_point_estimate,outputs/jcheminform_revision/projected_probe/c2_primary/test_results/manifest.json,derived:$.descriptive_summary.mrr.mean minus outputs/jcheminform_revision/tuned_primary/conformer_seed_42/test_results/manifest.json $.descriptive_summary.augmented.mrr.mean
D,D3,cap10-tuned-v1,learner_or_capacity_sensitivity,augmented_minus_baseline,within_pool,top1,0.0053199498117944,,,,,5,3985,,,,,descriptive_point_estimate_no_clustered_ci,outputs/jcheminform_revision/tuned_primary/conformer_seed_42/capacity_test_results/manifest.json,derived:$.descriptive_summary.augmented.top1 minus $.descriptive_summary.baseline.top1
D,D3,cap10-tuned-v1,learner_or_capacity_sensitivity,augmented_minus_baseline,within_pool,mrr,0.0038666427675210224,,,,,5,3985,,,,,descriptive_point_estimate_no_clustered_ci,outputs/jcheminform_revision/tuned_primary/conformer_seed_42/capacity_test_results/manifest.json,derived:$.descriptive_summary.augmented.mrr minus $.descriptive_summary.baseline.mrr
D,D4,cap10-lightgbm-v1,learner_or_capacity_sensitivity,augmented_minus_baseline,within_pool,top1,0.004015056461731503,,,,,,3985,,,,,descriptive_point_estimate_no_clustered_ci,outputs/jcheminform_revision/tuned_primary/conformer_seed_42/lightgbm/test_results/manifest.json,derived:$.per_arm_metrics.augmented.top1 minus $.per_arm_metrics.baseline.top1
D,D4,cap10-lightgbm-v1,learner_or_capacity_sensitivity,augmented_minus_baseline,within_pool,mrr,0.0030025293262431196,,,,,,3985,,,,,descriptive_point_estimate_no_clustered_ci,outputs/jcheminform_revision/tuned_primary/conformer_seed_42/lightgbm/test_results/manifest.json,derived:$.per_arm_metrics.augmented.mrr minus $.per_arm_metrics.baseline.mrr
D,D5,D-EXTERNAL-RXN-EBM-FF-CAP10-v1,external_reranker_negative_result,rxn_ebm_ff_minus_candidate_prior,within_pool,mrr,-0.1033251677919181,-0.11400503292771175,-0.09273856907185012,9.99990000099999e-06,,3,3985,3985,0,3,0,negative_ci_excludes_zero,outputs/jcheminform_revision/external_rerankers/rxn_ebm_ff_cap10/analysis/paired_inference.json,$.aggregate.mrr
D,D5,D-EXTERNAL-RXN-EBM-FF-CAP10-v1,external_reranker_negative_result,rxn_ebm_ff_minus_candidate_prior,end_to_end,mrr,-0.0822843312651466,,,,,3,5004,,,,,descriptive_point_estimate_no_separate_ci,outputs/jcheminform_revision/external_rerankers/rxn_ebm_ff_cap10/analysis/paired_inference.json,$.aggregate.mrr.end_to_end_delta_external_minus_prior
D,D5,D-EXTERNAL-RXN-EBM-FF-CAP10-v1,external_reranker_negative_result,rxn_ebm_ff_minus_candidate_prior,within_pool,top1,-0.155918025930573,-0.17256378084483479,-0.1396905060644082,9.99990000099999e-06,,3,3985,3985,0,3,0,negative_ci_excludes_zero,outputs/jcheminform_revision/external_rerankers/rxn_ebm_ff_cap10/analysis/paired_inference.json,$.aggregate.top1
D,D5,D-EXTERNAL-RXN-EBM-FF-CAP10-v1,external_reranker_negative_result,rxn_ebm_ff_minus_candidate_prior,end_to_end,top1,-0.12416733280042634,,,,,3,5004,,,,,descriptive_point_estimate_no_separate_ci,outputs/jcheminform_revision/external_rerankers/rxn_ebm_ff_cap10/analysis/paired_inference.json,$.aggregate.top1.end_to_end_delta_external_minus_prior
E,E-POOLS,ws-e-three-pool-frozen-ranker-v1,candidate_pool_robustness,aizynthfinder_only_augmented_minus_baseline,end_to_end,mrr,0.0008078166758982862,-0.00039033040104189233,0.0019956574425216253,0.18123818761812382,,5,5004,4982,,,,null_compatible,outputs/jcheminform_revision/ws_e_analysis_canonical_identity/ws_e_paired_statistics.json,$.pools.aizynthfinder_only.scopes.end_to_end.mrr
E,E-POOLS,ws-e-three-pool-frozen-ranker-v1,candidate_pool_robustness,aizynthfinder_only_augmented_minus_baseline,end_to_end,top1,0.0005195843325339728,-0.001517882555313492,0.0025574553344337517,0.6445335546644534,,5,5004,4982,,,,no_clear_difference,outputs/jcheminform_revision/ws_e_analysis_canonical_identity/ws_e_paired_statistics.json,$.pools.aizynthfinder_only.scopes.end_to_end.top1
E,E-POOLS,ws-e-three-pool-frozen-ranker-v1,candidate_pool_robustness,aizynthfinder_only_augmented_minus_baseline,within_pool,mrr,0.0009873753410344465,-0.00044086055113231926,0.002451552546346669,0.17940820591794082,,5,4094,4094,,,,null_compatible,outputs/jcheminform_revision/ws_e_analysis_canonical_identity/ws_e_paired_statistics.json,$.pools.aizynthfinder_only.scopes.within_pool.mrr
E,E-POOLS,ws-e-three-pool-frozen-ranker-v1,candidate_pool_robustness,aizynthfinder_only_augmented_minus_baseline,within_pool,top1,0.000635075720566683,-0.00180752320468979,0.0031265266243282854,0.6451035489645104,,5,4094,4094,,,,no_clear_difference,outputs/jcheminform_revision/ws_e_analysis_canonical_identity/ws_e_paired_statistics.json,$.pools.aizynthfinder_only.scopes.within_pool.top1
E,E-POOLS,ws-e-three-pool-frozen-ranker-v1,candidate_pool_robustness,localretro_only_augmented_minus_baseline,end_to_end,mrr,0.0001172829686536355,-0.00020220146173629324,0.0004380543183917397,0.4834851651483485,,5,5004,4982,,,,null_compatible,outputs/jcheminform_revision/ws_e_analysis_canonical_identity/ws_e_paired_statistics.json,$.pools.localretro_only.scopes.end_to_end.mrr
E,E-POOLS,ws-e-three-pool-frozen-ranker-v1,candidate_pool_robustness,localretro_only_augmented_minus_baseline,end_to_end,top1,0.00011990407673860912,-0.00047952287520632844,0.0006831224276609802,0.7871521284787152,,5,5004,4982,,,,no_clear_difference,outputs/jcheminform_revision/ws_e_analysis_canonical_identity/ws_e_paired_statistics.json,$.pools.localretro_only.scopes.end_to_end.top1
E,E-POOLS,ws-e-three-pool-frozen-ranker-v1,candidate_pool_robustness,localretro_only_augmented_minus_baseline,within_pool,mrr,0.00012502854178585263,-0.00021883398259694783,0.0004719825452930726,0.4823651763482365,,5,4694,4694,,,,null_compatible,outputs/jcheminform_revision/ws_e_analysis_canonical_identity/ws_e_paired_statistics.json,$.pools.localretro_only.scopes.within_pool.mrr
E,E-POOLS,ws-e-three-pool-frozen-ranker-v1,candidate_pool_robustness,localretro_only_augmented_minus_baseline,within_pool,top1,0.00012782275244993608,-0.00046868342564976566,0.0007243289305496379,0.7883121168788312,,5,4694,4694,,,,no_clear_difference,outputs/jcheminform_revision/ws_e_analysis_canonical_identity/ws_e_paired_statistics.json,$.pools.localretro_only.scopes.within_pool.top1
E,E-POOLS,ws-e-three-pool-frozen-ranker-v1,candidate_pool_robustness,merged_augmented_minus_baseline,end_to_end,mrr,-0.0017001503488135415,-0.004975686100536772,0.0016192573451741447,0.3029169708302917,,5,5004,4982,,,,null_compatible,outputs/jcheminform_revision/ws_e_analysis_canonical_identity/ws_e_paired_statistics.json,$.pools.merged.scopes.end_to_end.mrr
E,E-POOLS,ws-e-three-pool-frozen-ranker-v1,candidate_pool_robustness,merged_augmented_minus_baseline,end_to_end,top1,-0.003477218225419664,-0.00979882659375848,0.0031144407505563094,0.2965470345296547,,5,5004,4982,,,,no_clear_difference,outputs/jcheminform_revision/ws_e_analysis_canonical_identity/ws_e_paired_statistics.json,$.pools.merged.scopes.end_to_end.top1
E,E-POOLS,ws-e-three-pool-frozen-ranker-v1,candidate_pool_robustness,merged_augmented_minus_baseline,within_pool,mrr,-0.0017929509684853453,-0.005182934205975714,0.0016151304890940751,0.30643693563064367,,5,4745,4745,,,,null_compatible,outputs/jcheminform_revision/ws_e_analysis_canonical_identity/ws_e_paired_statistics.json,$.pools.merged.scopes.within_pool.mrr
E,E-POOLS,ws-e-three-pool-frozen-ranker-v1,candidate_pool_robustness,merged_augmented_minus_baseline,within_pool,top1,-0.003667017913593256,-0.010579557428872498,0.003076923076923077,0.2983470165298347,,5,4745,4745,,,,no_clear_difference,outputs/jcheminform_revision/ws_e_analysis_canonical_identity/ws_e_paired_statistics.json,$.pools.merged.scopes.within_pool.top1
F,F1,f1-chemformer-forward-roundtrip-v1,forward_roundtrip_sensitivity,prior_2d_unimol_minus_prior_2d,within_pool,exact_match_top1,0.006700125470514429,0.0013801756587202008,0.012045796737766616,0.013299867001329986,,20,3985,3985,20,0,0,positive_ci_excludes_zero,outputs/jcheminform_revision/f1_roundtrip/results/paired_statistics.json,$.exact_match_top1
F,F1,f1-chemformer-forward-roundtrip-v1,forward_roundtrip_sensitivity,prior_2d_unimol_minus_prior_2d,within_pool,roundtrip_beam1,0.003249686323713927,0.0003136762860727729,0.006223651191969882,0.031649683503164966,,20,3985,3985,20,0,0,positive_ci_excludes_zero,outputs/jcheminform_revision/f1_roundtrip/results/paired_statistics.json,$.roundtrip_beam1
F,F1,f1-chemformer-forward-roundtrip-v1,forward_roundtrip_sensitivity,prior_2d_unimol_minus_prior_2d,within_pool,roundtrip_beam5,0.0017440401505646173,-0.0008531994981179423,0.004404015056461732,0.1954280457195428,,20,3985,3985,19,1,0,null_compatible,outputs/jcheminform_revision/f1_roundtrip/results/paired_statistics.json,$.roundtrip_beam5
F,F2,f2-morgan-chirality-v1,chemistry_side_sensitivity,augmented_true_minus_false,within_pool,top1,0.0005520702634880803,-0.0009535759096612296,0.0020075282308657464,0.5073449265507345,,5,3985,3985,,,,null_compatible,outputs/jcheminform_revision/chirality_sensitivity/analysis/paired_statistics.json,$.augmented.top1
F,F2,f2-morgan-chirality-v1,chemistry_side_sensitivity,augmented_true_minus_false,within_pool,mrr,6.313357630798028e-05,-0.0007149982075640795,0.0008420714584453608,0.8743112568874312,,5,3985,3985,,,,null_compatible,outputs/jcheminform_revision/chirality_sensitivity/analysis/paired_statistics.json,$.augmented.mrr
F,F2,f2-morgan-chirality-v1,chemistry_side_sensitivity,baseline_true_minus_false,within_pool,top1,0.00020075282308657465,-0.0014554579673776663,0.0018569636135508155,0.8581914180858191,,5,3985,3985,,,,null_compatible,outputs/jcheminform_revision/chirality_sensitivity/analysis/paired_statistics.json,$.baseline.top1
F,F2,f2-morgan-chirality-v1,chemistry_side_sensitivity,baseline_true_minus_false,within_pool,mrr,-9.145406385055057e-05,-0.001018707554121607,0.0008168688136065801,0.8463115368846311,,5,3985,3985,,,,null_compatible,outputs/jcheminform_revision/chirality_sensitivity/analysis/paired_statistics.json,$.baseline.mrr
F,F3,f3-salt-removal-v1,chemistry_side_sensitivity,augmented_salt_minus_current,within_pool,top1,-0.00020075282308657465,-0.0028105395232120452,0.002409033877038896,0.9115208847911521,,5,3985,3985,,,,null_compatible,outputs/jcheminform_revision/salt_sensitivity/analysis/paired_statistics.json,$.augmented.top1
F,F3,f3-salt-removal-v1,chemistry_side_sensitivity,augmented_salt_minus_current,within_pool,mrr,0.00012200513831630528,-0.00128734291290753,0.0015799814781621555,0.8689213107868922,,5,3985,3985,,,,null_compatible,outputs/jcheminform_revision/salt_sensitivity/analysis/paired_statistics.json,$.augmented.mrr
F,F3,f3-salt-removal-v1,chemistry_side_sensitivity,baseline_salt_minus_current,within_pool,top1,-0.00205771643663739,-0.004769134253450438,0.0006524466750313676,0.14949850501494985,,5,3985,3985,,,,null_compatible,outputs/jcheminform_revision/salt_sensitivity/analysis/paired_statistics.json,$.baseline.top1
F,F3,f3-salt-removal-v1,chemistry_side_sensitivity,baseline_salt_minus_current,within_pool,mrr,-0.0013992750592499653,-0.0029612634681643467,0.00010124325347035487,0.07378926210737892,,5,3985,3985,,,,null_compatible,outputs/jcheminform_revision/salt_sensitivity/analysis/paired_statistics.json,$.baseline.mrr
G,G1,cap10-final-statistics-v1,companion_product_cluster_ci,prior_2d_unimol_minus_prior_2d,product_only,top1,0.006700125470514429,0.001380175658720201,0.012045796737766616,,,20,3985,3985,,,,positive_ci_excludes_zero,outputs/jcheminform_revision/final_statistics_20seed/g1_seed_marginal.json,$.top1.product_only
G,G1,cap10-final-statistics-v1,revised_primary_headline,prior_2d_unimol_minus_prior_2d,seed_marginal,top1,0.006700125470514429,0.0011166875784190714,0.012283877038895856,,,20,3985,3985,,,,positive_ci_excludes_zero,outputs/jcheminform_revision/final_statistics_20seed/g1_seed_marginal.json,$.top1.seed_marginal
G,G1,cap10-final-statistics-v1,companion_product_cluster_ci,prior_2d_unimol_minus_prior_2d,product_only,mrr,0.00484627870386967,0.0019259194947322301,0.007877224363187349,,,20,3985,3985,,,,positive_ci_excludes_zero,outputs/jcheminform_revision/final_statistics_20seed/g1_seed_marginal.json,$.mrr.product_only
G,G1,cap10-final-statistics-v1,revised_primary_headline,prior_2d_unimol_minus_prior_2d,seed_marginal,mrr,0.00484627870386967,0.0017279171894604773,0.007899809429208737,,,20,3985,3985,,,,positive_ci_excludes_zero,outputs/jcheminform_revision/final_statistics_20seed/g1_seed_marginal.json,$.mrr.seed_marginal
G,G2,cap10-final-statistics-v1,prespecified_class_top1_family,class_1_augmented_minus_2d,within_pool_reaction_class,top1,0.0013640238704177325,-0.008610400682011935,0.011126385336743379,0.7926720732792673,1.0,20,1173,1173,,,,not_bh_significant_q05,outputs/jcheminform_revision/final_statistics_20seed/g2_class_tests.csv,row:reaction_class=1;metric=top1
G,G2,cap10-final-statistics-v1,secondary_class_mrr_no_p_family,class_1_augmented_minus_2d,within_pool_reaction_class,mrr,0.002255680049797697,-0.003118614595596693,0.007589965696423498,,,20,1173,1173,,,,descriptive_secondary_endpoint,outputs/jcheminform_revision/final_statistics_20seed/g2_class_tests.csv,row:reaction_class=1;metric=mrr
G,G2,cap10-final-statistics-v1,prespecified_class_top1_family,class_2_augmented_minus_2d,within_pool_reaction_class,top1,0.005897435897435897,-0.003743589743589744,0.015692307692307693,0.24282757172428276,0.8094252390809425,20,975,975,,,,not_bh_significant_q05,outputs/jcheminform_revision/final_statistics_20seed/g2_class_tests.csv,row:reaction_class=2;metric=top1
G,G2,cap10-final-statistics-v1,secondary_class_mrr_no_p_family,class_2_augmented_minus_2d,within_pool_reaction_class,mrr,0.003628347578347579,-0.0018859442409442412,0.009243968253968251,,,20,975,975,,,,descriptive_secondary_endpoint,outputs/jcheminform_revision/final_statistics_20seed/g2_class_tests.csv,row:reaction_class=2;metric=mrr
G,G2,cap10-final-statistics-v1,prespecified_class_top1_family,class_3_augmented_minus_2d,within_pool_reaction_class,top1,0.03682266009852216,0.014655172413793102,0.05997844827586203,0.0018299817001829982,0.018299817001829984,20,406,406,,,,bh_significant_q05,outputs/jcheminform_revision/final_statistics_20seed/g2_class_tests.csv,row:reaction_class=3;metric=top1
G,G2,cap10-final-statistics-v1,secondary_class_mrr_no_p_family,class_3_augmented_minus_2d,within_pool_reaction_class,mrr,0.02570529361169755,0.013251032381343342,0.038678174358823994,,,20,406,406,,,,descriptive_secondary_endpoint,outputs/jcheminform_revision/final_statistics_20seed/g2_class_tests.csv,row:reaction_class=3;metric=mrr
G,G2,cap10-final-statistics-v1,prespecified_class_top1_family,class_4_augmented_minus_2d,within_pool_reaction_class,top1,0.005421686746987953,-0.030722891566265065,0.045783132530120486,0.8151018489815102,1.0,20,83,83,,,,not_bh_significant_q05,outputs/jcheminform_revision/final_statistics_20seed/g2_class_tests.csv,row:reaction_class=4;metric=top1
G,G2,cap10-final-statistics-v1,secondary_class_mrr_no_p_family,class_4_augmented_minus_2d,within_pool_reaction_class,mrr,-0.0008476764199655775,-0.022501362593230063,0.02211962134251289,,,20,83,83,,,,descriptive_secondary_endpoint,outputs/jcheminform_revision/final_statistics_20seed/g2_class_tests.csv,row:reaction_class=4;metric=mrr
G,G2,cap10-final-statistics-v1,prespecified_class_top1_family,class_5_augmented_minus_2d,within_pool_reaction_class,top1,-0.010344827586206898,-0.03793103448275863,0.007758620689655172,0.6257737422625774,1.0,20,58,58,,,,not_bh_significant_q05,outputs/jcheminform_revision/final_statistics_20seed/g2_class_tests.csv,row:reaction_class=5;metric=top1
G,G2,cap10-final-statistics-v1,secondary_class_mrr_no_p_family,class_5_augmented_minus_2d,within_pool_reaction_class,mrr,-0.0066984811165845684,-0.02116866789819376,0.004206887999452649,,,20,58,58,,,,descriptive_secondary_endpoint,outputs/jcheminform_revision/final_statistics_20seed/g2_class_tests.csv,row:reaction_class=5;metric=mrr
G,G2,cap10-final-statistics-v1,prespecified_class_top1_family,class_6_augmented_minus_2d,within_pool_reaction_class,top1,0.00963768115942029,-0.0006521739130434785,0.020144927536231885,0.07216927830721692,0.3608463915360846,20,690,690,,,,not_bh_significant_q05,outputs/jcheminform_revision/final_statistics_20seed/g2_class_tests.csv,row:reaction_class=6;metric=top1
G,G2,cap10-final-statistics-v1,secondary_class_mrr_no_p_family,class_6_augmented_minus_2d,within_pool_reaction_class,mrr,0.007297245226593051,0.0013715507821486074,0.013513875230043708,,,20,690,690,,,,descriptive_secondary_endpoint,outputs/jcheminform_revision/final_statistics_20seed/g2_class_tests.csv,row:reaction_class=6;metric=mrr
G,G2,cap10-final-statistics-v1,prespecified_class_top1_family,class_7_augmented_minus_2d,within_pool_reaction_class,top1,0.00012562814070351714,-0.01557788944723618,0.016708542713567837,1.0,1.0,20,398,398,,,,not_bh_significant_q05,outputs/jcheminform_revision/final_statistics_20seed/g2_class_tests.csv,row:reaction_class=7;metric=top1
G,G2,cap10-final-statistics-v1,secondary_class_mrr_no_p_family,class_7_augmented_minus_2d,within_pool_reaction_class,mrr,0.0002733907633405115,-0.008772205521655897,0.009375367661721304,,,20,398,398,,,,descriptive_secondary_endpoint,outputs/jcheminform_revision/final_statistics_20seed/g2_class_tests.csv,row:reaction_class=7;metric=mrr
G,G2,cap10-final-statistics-v1,prespecified_class_top1_family,class_8_augmented_minus_2d,within_pool_reaction_class,top1,-0.008333333333333331,-0.06916666666666667,0.05083333333333333,0.8018319816801832,1.0,20,60,60,,,,not_bh_significant_q05,outputs/jcheminform_revision/final_statistics_20seed/g2_class_tests.csv,row:reaction_class=8;metric=top1
G,G2,cap10-final-statistics-v1,secondary_class_mrr_no_p_family,class_8_augmented_minus_2d,within_pool_reaction_class,mrr,-0.007805555555555558,-0.04436249999999999,0.02652812499999999,,,20,60,60,,,,descriptive_secondary_endpoint,outputs/jcheminform_revision/final_statistics_20seed/g2_class_tests.csv,row:reaction_class=8;metric=mrr
G,G2,cap10-final-statistics-v1,prespecified_class_top1_family,class_9_augmented_minus_2d,within_pool_reaction_class,top1,-0.013200000000000002,-0.0416,0.0144,0.3847261527384726,0.9618153818461815,20,125,125,,,,not_bh_significant_q05,outputs/jcheminform_revision/final_statistics_20seed/g2_class_tests.csv,row:reaction_class=9;metric=top1
G,G2,cap10-final-statistics-v1,secondary_class_mrr_no_p_family,class_9_augmented_minus_2d,within_pool_reaction_class,mrr,-0.0121268253968254,-0.027115257936507937,0.0027960555555555516,,,20,125,125,,,,descriptive_secondary_endpoint,outputs/jcheminform_revision/final_statistics_20seed/g2_class_tests.csv,row:reaction_class=9;metric=mrr
G,G2,cap10-final-statistics-v1,prespecified_class_top1_family,class_10_augmented_minus_2d,within_pool_reaction_class,top1,0.0,-0.008823529411764707,0.008823529411764707,1.0,1.0,20,17,17,,,,not_bh_significant_q05,outputs/jcheminform_revision/final_statistics_20seed/g2_class_tests.csv,row:reaction_class=10;metric=top1
G,G2,cap10-final-statistics-v1,secondary_class_mrr_no_p_family,class_10_augmented_minus_2d,within_pool_reaction_class,mrr,-0.0004901960784313729,-0.005882352941176471,0.004411764705882354,,,20,17,17,,,,descriptive_secondary_endpoint,outputs/jcheminform_revision/final_statistics_20seed/g2_class_tests.csv,row:reaction_class=10;metric=mrr
