workstream,analysis_id,protocol_id,claim_role,scope,system,metric,estimate,sample_sd,n_seeds,n_reactions,coverage,source_file,source_locator
legacy,legacy-cap10-fixed50,legacy-cap10-fixed50-v1,legacy_sensitivity,within_pool,baseline,top1,0.7415307402760352,0.0,0,3985,,outputs/revision_analysis/table2_main_results.csv,row:scope=within_pool;system=baseline;metric=top1
legacy,legacy-cap10-fixed50,legacy-cap10-fixed50-v1,legacy_sensitivity,end_to_end,baseline,top1,0.5905275779376499,0.0,0,5004,,outputs/revision_analysis/table2_main_results.csv,row:scope=end_to_end;system=baseline;metric=top1
legacy,legacy-cap10-fixed50,legacy-cap10-fixed50-v1,legacy_sensitivity,within_pool,2d,top1,0.7493099121706399,0.0012547051442911128,5,3985,,outputs/revision_analysis/table2_main_results.csv,row:scope=within_pool;system=2d;metric=top1
legacy,legacy-cap10-fixed50,legacy-cap10-fixed50-v1,legacy_sensitivity,end_to_end,2d,top1,0.596722621902478,0.0009992006394884262,5,5004,,outputs/revision_analysis/table2_main_results.csv,row:scope=end_to_end;system=2d;metric=top1
legacy,legacy-cap10-fixed50,legacy-cap10-fixed50-v1,legacy_sensitivity,within_pool,3d,top1,0.7565370138017565,0.0017955878363862911,5,3985,,outputs/revision_analysis/table2_main_results.csv,row:scope=within_pool;system=3d;metric=top1
legacy,legacy-cap10-fixed50,legacy-cap10-fixed50-v1,legacy_sensitivity,end_to_end,3d,top1,0.6024780175859312,0.0014299395539567087,5,5004,,outputs/revision_analysis/table2_main_results.csv,row:scope=end_to_end;system=3d;metric=top1
legacy,legacy-cap10-fixed50,legacy-cap10-fixed50-v1,legacy_sensitivity,within_pool,baseline,mrr,0.8395585628647109,0.0,0,3985,,outputs/revision_analysis/table2_main_results.csv,row:scope=within_pool;system=baseline;metric=mrr
legacy,legacy-cap10-fixed50,legacy-cap10-fixed50-v1,legacy_sensitivity,end_to_end,baseline,mrr,0.668593299963204,0.0,0,5004,,outputs/revision_analysis/table2_main_results.csv,row:scope=end_to_end;system=baseline;metric=mrr
legacy,legacy-cap10-fixed50,legacy-cap10-fixed50-v1,legacy_sensitivity,within_pool,2d,mrr,0.8443555993706559,0.0007341845073514035,5,3985,,outputs/revision_analysis/table2_main_results.csv,row:scope=within_pool;system=2d;metric=mrr
legacy,legacy-cap10-fixed50,legacy-cap10-fixed50-v1,legacy_sensitivity,end_to_end,2d,mrr,0.6724134819128824,0.0005846773105106601,5,5004,,outputs/revision_analysis/table2_main_results.csv,row:scope=end_to_end;system=2d;metric=mrr
legacy,legacy-cap10-fixed50,legacy-cap10-fixed50-v1,legacy_sensitivity,within_pool,3d,mrr,0.8490392941785665,0.0010147927255091313,5,3985,,outputs/revision_analysis/table2_main_results.csv,row:scope=within_pool;system=3d;metric=mrr
legacy,legacy-cap10-fixed50,legacy-cap10-fixed50-v1,legacy_sensitivity,end_to_end,3d,mrr,0.676143402738127,0.0008081432876006972,5,5004,,outputs/revision_analysis/table2_main_results.csv,row:scope=end_to_end;system=3d;metric=mrr
D,D1,cap10-tuned-v1,revised_primary_5seed_descriptive,within_pool,prior_2d,top1,0.7509661229611042,0.0008800842116311151,5,3985,0.7963629096722622,outputs/jcheminform_revision/tuned_primary/conformer_seed_42/test_results/manifest.json,$.descriptive_summary.baseline.top1
D,D1,cap10-tuned-v1,revised_primary_5seed_descriptive,within_pool,prior_2d,mrr,0.8461915118201191,0.00045296378124648235,5,3985,0.7963629096722622,outputs/jcheminform_revision/tuned_primary/conformer_seed_42/test_results/manifest.json,$.descriptive_summary.baseline.mrr
D,D1,cap10-tuned-v1,revised_primary_5seed_descriptive,within_pool,prior_2d_unimol,top1,0.7581932245922208,0.001511906683201239,5,3985,0.7963629096722622,outputs/jcheminform_revision/tuned_primary/conformer_seed_42/test_results/manifest.json,$.descriptive_summary.augmented.top1
D,D1,cap10-tuned-v1,revised_primary_5seed_descriptive,within_pool,prior_2d_unimol,mrr,0.8513347473661149,0.0005357139075294022,5,3985,0.7963629096722622,outputs/jcheminform_revision/tuned_primary/conformer_seed_42/test_results/manifest.json,$.descriptive_summary.augmented.mrr
C,C1,cap10-tuned-encoder-attribution-v1,encoder_attribution,within_pool,prior_2d_morgan,top1,0.7559347553324969,,5,3985,0.7963629096722622,outputs/jcheminform_revision/encoder_controls/morgan_atom/ranking/test_results/manifest.json,$.per_seed_metrics.*.top1 (mean)
C,C1,cap10-tuned-encoder-attribution-v1,encoder_attribution,within_pool,prior_2d_morgan,mrr,0.8496079743482504,,5,3985,0.7963629096722622,outputs/jcheminform_revision/encoder_controls/morgan_atom/ranking/test_results/manifest.json,$.per_seed_metrics.*.mrr (mean)
C,C1,cap10-tuned-encoder-attribution-v1,encoder_attribution,within_pool,prior_2d_grover,top1,0.757038895859473,,5,3985,0.7963629096722622,outputs/jcheminform_revision/encoder_controls/grover_concatenation/ranking/test_results/manifest.json,$.per_seed_metrics.*.top1 (mean)
C,C1,cap10-tuned-encoder-attribution-v1,encoder_attribution,within_pool,prior_2d_grover,mrr,0.8495582840413457,,5,3985,0.7963629096722622,outputs/jcheminform_revision/encoder_controls/grover_concatenation/ranking/test_results/manifest.json,$.per_seed_metrics.*.mrr (mean)
C,C2,cap10-tuned-unimol-projected32-v1,upper_bound_probe,within_pool,prior_2d_projected_unimol,top1,0.7603011292346299,0.0040981059491564,5,3985,0.7963629096722622,outputs/jcheminform_revision/projected_probe/c2_primary/test_results/manifest.json,$.descriptive_summary.top1
C,C2,cap10-tuned-unimol-projected32-v1,upper_bound_probe,within_pool,prior_2d_projected_unimol,mrr,0.8522560793451633,0.002465744293045279,5,3985,0.7963629096722622,outputs/jcheminform_revision/projected_probe/c2_primary/test_results/manifest.json,$.descriptive_summary.mrr
D,D3,cap10-tuned-v1,learner_or_capacity_sensitivity,within_pool,capacity289_baseline,top1,0.7506649937264742,0.0010880543733339419,5,3985,0.7963629096722622,outputs/jcheminform_revision/tuned_primary/conformer_seed_42/capacity_test_results/manifest.json,$.descriptive_summary.baseline.top1
D,D3,cap10-tuned-v1,learner_or_capacity_sensitivity,within_pool,capacity289_baseline,mrr,0.8459977893290315,0.0009089731194783802,5,3985,0.7963629096722622,outputs/jcheminform_revision/tuned_primary/conformer_seed_42/capacity_test_results/manifest.json,$.descriptive_summary.baseline.mrr
D,D3,cap10-tuned-v1,learner_or_capacity_sensitivity,within_pool,capacity289_augmented,top1,0.7559849435382686,0.000915160980115941,5,3985,0.7963629096722622,outputs/jcheminform_revision/tuned_primary/conformer_seed_42/capacity_test_results/manifest.json,$.descriptive_summary.augmented.top1
D,D3,cap10-tuned-v1,learner_or_capacity_sensitivity,within_pool,capacity289_augmented,mrr,0.8498644320965525,0.0007001151960521829,5,3985,0.7963629096722622,outputs/jcheminform_revision/tuned_primary/conformer_seed_42/capacity_test_results/manifest.json,$.descriptive_summary.augmented.mrr
D,D4,cap10-lightgbm-v1,learner_or_capacity_sensitivity,within_pool,lambdamart_baseline,top1,0.7540777917189461,,,3985,0.7963629096722622,outputs/jcheminform_revision/tuned_primary/conformer_seed_42/lightgbm/test_results/manifest.json,$.per_arm_metrics.baseline.top1
D,D4,cap10-lightgbm-v1,learner_or_capacity_sensitivity,within_pool,lambdamart_baseline,mrr,0.8484207643743403,,,3985,0.7963629096722622,outputs/jcheminform_revision/tuned_primary/conformer_seed_42/lightgbm/test_results/manifest.json,$.per_arm_metrics.baseline.mrr
D,D4,cap10-lightgbm-v1,learner_or_capacity_sensitivity,within_pool,lambdamart_augmented,top1,0.7580928481806776,,,3985,0.7963629096722622,outputs/jcheminform_revision/tuned_primary/conformer_seed_42/lightgbm/test_results/manifest.json,$.per_arm_metrics.augmented.top1
D,D4,cap10-lightgbm-v1,learner_or_capacity_sensitivity,within_pool,lambdamart_augmented,mrr,0.8514232937005835,,,3985,0.7963629096722622,outputs/jcheminform_revision/tuned_primary/conformer_seed_42/lightgbm/test_results/manifest.json,$.per_arm_metrics.augmented.mrr
D,D5,D-EXTERNAL-RXN-EBM-FF-CAP10-v1,external_reranker_negative_result,within_pool,candidate_prior,top1,0.7415307402760352,,0,3985,0.7963629096722622,outputs/jcheminform_revision/external_rerankers/rxn_ebm_ff_cap10/analysis/paired_inference.json,$.aggregate.top1.candidate_prior_conditional
D,D5,D-EXTERNAL-RXN-EBM-FF-CAP10-v1,external_reranker_negative_result,within_pool,rxn_ebm_ff,top1,0.5856127143454621,,3,3985,0.7963629096722622,outputs/jcheminform_revision/external_rerankers/rxn_ebm_ff_cap10/analysis/paired_inference.json,$.aggregate.top1.external_conditional_mean
D,D5,D-EXTERNAL-RXN-EBM-FF-CAP10-v1,external_reranker_negative_result,end_to_end,candidate_prior,top1,0.5905275779376499,,0,5004,0.7963629096722622,outputs/jcheminform_revision/external_rerankers/rxn_ebm_ff_cap10/analysis/paired_inference.json,$.aggregate.top1.candidate_prior_end_to_end
D,D5,D-EXTERNAL-RXN-EBM-FF-CAP10-v1,external_reranker_negative_result,end_to_end,rxn_ebm_ff,top1,0.4663602451372236,,3,5004,0.7963629096722622,outputs/jcheminform_revision/external_rerankers/rxn_ebm_ff_cap10/analysis/paired_inference.json,$.aggregate.top1.external_end_to_end_mean
D,D5,D-EXTERNAL-RXN-EBM-FF-CAP10-v1,external_reranker_negative_result,within_pool,candidate_prior,mrr,0.8395585628647109,,0,3985,0.7963629096722622,outputs/jcheminform_revision/external_rerankers/rxn_ebm_ff_cap10/analysis/paired_inference.json,$.aggregate.mrr.candidate_prior_conditional
D,D5,D-EXTERNAL-RXN-EBM-FF-CAP10-v1,external_reranker_negative_result,within_pool,rxn_ebm_ff,mrr,0.736233395072793,,3,3985,0.7963629096722622,outputs/jcheminform_revision/external_rerankers/rxn_ebm_ff_cap10/analysis/paired_inference.json,$.aggregate.mrr.external_conditional_mean
D,D5,D-EXTERNAL-RXN-EBM-FF-CAP10-v1,external_reranker_negative_result,end_to_end,candidate_prior,mrr,0.668593299963204,,0,5004,0.7963629096722622,outputs/jcheminform_revision/external_rerankers/rxn_ebm_ff_cap10/analysis/paired_inference.json,$.aggregate.mrr.candidate_prior_end_to_end
D,D5,D-EXTERNAL-RXN-EBM-FF-CAP10-v1,external_reranker_negative_result,end_to_end,rxn_ebm_ff,mrr,0.5863089686980575,,3,5004,0.7963629096722622,outputs/jcheminform_revision/external_rerankers/rxn_ebm_ff_cap10/analysis/paired_inference.json,$.aggregate.mrr.external_end_to_end_mean
E,E-POOLS,ws-e-three-pool-frozen-ranker-v1,candidate_pool_robustness,end_to_end,aizynthfinder_only_baseline,mrr,0.672453726321509,,5,5004,0.8181454836131095,outputs/jcheminform_revision/ws_e_analysis_canonical_identity/ws_e_paired_statistics.json,$.pools.aizynthfinder_only.scopes.end_to_end.mrr.baseline_mean
E,E-POOLS,ws-e-three-pool-frozen-ranker-v1,candidate_pool_robustness,end_to_end,aizynthfinder_only_augmented,mrr,0.6732615429974074,,5,5004,0.8181454836131095,outputs/jcheminform_revision/ws_e_analysis_canonical_identity/ws_e_paired_statistics.json,$.pools.aizynthfinder_only.scopes.end_to_end.mrr.augmented_mean
E,E-POOLS,ws-e-three-pool-frozen-ranker-v1,candidate_pool_robustness,end_to_end,aizynthfinder_only_baseline,top1,0.5931254996003198,,5,5004,0.8181454836131095,outputs/jcheminform_revision/ws_e_analysis_canonical_identity/ws_e_paired_statistics.json,$.pools.aizynthfinder_only.scopes.end_to_end.top1.baseline_mean
E,E-POOLS,ws-e-three-pool-frozen-ranker-v1,candidate_pool_robustness,end_to_end,aizynthfinder_only_augmented,top1,0.5936450839328538,,5,5004,0.8181454836131095,outputs/jcheminform_revision/ws_e_analysis_canonical_identity/ws_e_paired_statistics.json,$.pools.aizynthfinder_only.scopes.end_to_end.top1.augmented_mean
E,E-POOLS,ws-e-three-pool-frozen-ranker-v1,candidate_pool_robustness,within_pool,aizynthfinder_only_baseline,mrr,0.8219243884984931,,5,4094,0.8181454836131095,outputs/jcheminform_revision/ws_e_analysis_canonical_identity/ws_e_paired_statistics.json,$.pools.aizynthfinder_only.scopes.within_pool.mrr.baseline_mean
E,E-POOLS,ws-e-three-pool-frozen-ranker-v1,candidate_pool_robustness,within_pool,aizynthfinder_only_augmented,mrr,0.8229117638395277,,5,4094,0.8181454836131095,outputs/jcheminform_revision/ws_e_analysis_canonical_identity/ws_e_paired_statistics.json,$.pools.aizynthfinder_only.scopes.within_pool.mrr.augmented_mean
E,E-POOLS,ws-e-three-pool-frozen-ranker-v1,candidate_pool_robustness,within_pool,aizynthfinder_only_baseline,top1,0.7249633610161211,,5,4094,0.8181454836131095,outputs/jcheminform_revision/ws_e_analysis_canonical_identity/ws_e_paired_statistics.json,$.pools.aizynthfinder_only.scopes.within_pool.top1.baseline_mean
E,E-POOLS,ws-e-three-pool-frozen-ranker-v1,candidate_pool_robustness,within_pool,aizynthfinder_only_augmented,top1,0.7255984367366879,,5,4094,0.8181454836131095,outputs/jcheminform_revision/ws_e_analysis_canonical_identity/ws_e_paired_statistics.json,$.pools.aizynthfinder_only.scopes.within_pool.top1.augmented_mean
E,E-POOLS,ws-e-three-pool-frozen-ranker-v1,candidate_pool_robustness,end_to_end,localretro_only_baseline,mrr,0.6506705927346887,,5,5004,0.9380495603517186,outputs/jcheminform_revision/ws_e_analysis_canonical_identity/ws_e_paired_statistics.json,$.pools.localretro_only.scopes.end_to_end.mrr.baseline_mean
E,E-POOLS,ws-e-three-pool-frozen-ranker-v1,candidate_pool_robustness,end_to_end,localretro_only_augmented,mrr,0.6507878757033423,,5,5004,0.9380495603517186,outputs/jcheminform_revision/ws_e_analysis_canonical_identity/ws_e_paired_statistics.json,$.pools.localretro_only.scopes.end_to_end.mrr.augmented_mean
E,E-POOLS,ws-e-three-pool-frozen-ranker-v1,candidate_pool_robustness,end_to_end,localretro_only_baseline,top1,0.5149880095923262,,5,5004,0.9380495603517186,outputs/jcheminform_revision/ws_e_analysis_canonical_identity/ws_e_paired_statistics.json,$.pools.localretro_only.scopes.end_to_end.top1.baseline_mean
E,E-POOLS,ws-e-three-pool-frozen-ranker-v1,candidate_pool_robustness,end_to_end,localretro_only_augmented,top1,0.5151079136690647,,5,5004,0.9380495603517186,outputs/jcheminform_revision/ws_e_analysis_canonical_identity/ws_e_paired_statistics.json,$.pools.localretro_only.scopes.end_to_end.top1.augmented_mean
E,E-POOLS,ws-e-three-pool-frozen-ranker-v1,candidate_pool_robustness,within_pool,localretro_only_baseline,mrr,0.6936420208871713,,5,4694,0.9380495603517186,outputs/jcheminform_revision/ws_e_analysis_canonical_identity/ws_e_paired_statistics.json,$.pools.localretro_only.scopes.within_pool.mrr.baseline_mean
E,E-POOLS,ws-e-three-pool-frozen-ranker-v1,candidate_pool_robustness,within_pool,localretro_only_augmented,mrr,0.6937670494289573,,5,4694,0.9380495603517186,outputs/jcheminform_revision/ws_e_analysis_canonical_identity/ws_e_paired_statistics.json,$.pools.localretro_only.scopes.within_pool.mrr.augmented_mean
E,E-POOLS,ws-e-three-pool-frozen-ranker-v1,candidate_pool_robustness,within_pool,localretro_only_baseline,top1,0.5489987217724756,,5,4694,0.9380495603517186,outputs/jcheminform_revision/ws_e_analysis_canonical_identity/ws_e_paired_statistics.json,$.pools.localretro_only.scopes.within_pool.top1.baseline_mean
E,E-POOLS,ws-e-three-pool-frozen-ranker-v1,candidate_pool_robustness,within_pool,localretro_only_augmented,top1,0.5491265445249255,,5,4694,0.9380495603517186,outputs/jcheminform_revision/ws_e_analysis_canonical_identity/ws_e_paired_statistics.json,$.pools.localretro_only.scopes.within_pool.top1.augmented_mean
E,E-POOLS,ws-e-three-pool-frozen-ranker-v1,candidate_pool_robustness,end_to_end,merged_baseline,mrr,0.7124921455722008,,5,5004,0.9482414068745004,outputs/jcheminform_revision/ws_e_analysis_canonical_identity/ws_e_paired_statistics.json,$.pools.merged.scopes.end_to_end.mrr.baseline_mean
E,E-POOLS,ws-e-three-pool-frozen-ranker-v1,candidate_pool_robustness,end_to_end,merged_augmented,mrr,0.7107919952233873,,5,5004,0.9482414068745004,outputs/jcheminform_revision/ws_e_analysis_canonical_identity/ws_e_paired_statistics.json,$.pools.merged.scopes.end_to_end.mrr.augmented_mean
E,E-POOLS,ws-e-three-pool-frozen-ranker-v1,candidate_pool_robustness,end_to_end,merged_baseline,top1,0.5831734612310152,,5,5004,0.9482414068745004,outputs/jcheminform_revision/ws_e_analysis_canonical_identity/ws_e_paired_statistics.json,$.pools.merged.scopes.end_to_end.top1.baseline_mean
E,E-POOLS,ws-e-three-pool-frozen-ranker-v1,candidate_pool_robustness,end_to_end,merged_augmented,top1,0.5796962430055955,,5,5004,0.9482414068745004,outputs/jcheminform_revision/ws_e_analysis_canonical_identity/ws_e_paired_statistics.json,$.pools.merged.scopes.end_to_end.top1.augmented_mean
E,E-POOLS,ws-e-three-pool-frozen-ranker-v1,candidate_pool_robustness,within_pool,merged_baseline,mrr,0.7513826546771954,,5,4745,0.9482414068745004,outputs/jcheminform_revision/ws_e_analysis_canonical_identity/ws_e_paired_statistics.json,$.pools.merged.scopes.within_pool.mrr.baseline_mean
E,E-POOLS,ws-e-three-pool-frozen-ranker-v1,candidate_pool_robustness,within_pool,merged_augmented,mrr,0.7495897037087103,,5,4745,0.9482414068745004,outputs/jcheminform_revision/ws_e_analysis_canonical_identity/ws_e_paired_statistics.json,$.pools.merged.scopes.within_pool.mrr.augmented_mean
E,E-POOLS,ws-e-three-pool-frozen-ranker-v1,candidate_pool_robustness,within_pool,merged_baseline,top1,0.6150052687038988,,5,4745,0.9482414068745004,outputs/jcheminform_revision/ws_e_analysis_canonical_identity/ws_e_paired_statistics.json,$.pools.merged.scopes.within_pool.top1.baseline_mean
E,E-POOLS,ws-e-three-pool-frozen-ranker-v1,candidate_pool_robustness,within_pool,merged_augmented,top1,0.6113382507903056,,5,4745,0.9482414068745004,outputs/jcheminform_revision/ws_e_analysis_canonical_identity/ws_e_paired_statistics.json,$.pools.merged.scopes.within_pool.top1.augmented_mean
F,F1,f1-chemformer-forward-roundtrip-v1,forward_roundtrip_sensitivity,within_pool,candidate_prior,exact_match_top1,0.7415307402760352,0.0,0,3985,0.7963629096722622,outputs/jcheminform_revision/f1_roundtrip/results/system_metrics.csv,row:system=candidate_prior;metric=exact_match_top1
F,F1,f1-chemformer-forward-roundtrip-v1,forward_roundtrip_sensitivity,within_pool,candidate_prior,roundtrip_beam1,0.9247176913425345,0.0,0,3985,0.7963629096722622,outputs/jcheminform_revision/f1_roundtrip/results/system_metrics.csv,row:system=candidate_prior;metric=roundtrip_beam1
F,F1,f1-chemformer-forward-roundtrip-v1,forward_roundtrip_sensitivity,within_pool,candidate_prior,roundtrip_beam5,0.9452948557089084,0.0,0,3985,0.7963629096722622,outputs/jcheminform_revision/f1_roundtrip/results/system_metrics.csv,row:system=candidate_prior;metric=roundtrip_beam5
F,F1,f1-chemformer-forward-roundtrip-v1,forward_roundtrip_sensitivity,within_pool,prior_2d,exact_match_top1,0.7516436637390214,0.0023863367589904098,20,3985,0.7963629096722622,outputs/jcheminform_revision/f1_roundtrip/results/system_metrics.csv,row:system=prior_2d;metric=exact_match_top1
F,F1,f1-chemformer-forward-roundtrip-v1,forward_roundtrip_sensitivity,within_pool,prior_2d,roundtrip_beam1,0.9335633626097867,0.0008876773460032772,20,3985,0.7963629096722622,outputs/jcheminform_revision/f1_roundtrip/results/system_metrics.csv,row:system=prior_2d;metric=roundtrip_beam1
F,F1,f1-chemformer-forward-roundtrip-v1,forward_roundtrip_sensitivity,within_pool,prior_2d,roundtrip_beam5,0.954529485570891,0.0008639310179573482,20,3985,0.7963629096722622,outputs/jcheminform_revision/f1_roundtrip/results/system_metrics.csv,row:system=prior_2d;metric=roundtrip_beam5
F,F1,f1-chemformer-forward-roundtrip-v1,forward_roundtrip_sensitivity,within_pool,prior_2d_unimol,exact_match_top1,0.7583437892095357,0.0015056461731493185,20,3985,0.7963629096722622,outputs/jcheminform_revision/f1_roundtrip/results/system_metrics.csv,row:system=prior_2d_unimol;metric=exact_match_top1
F,F1,f1-chemformer-forward-roundtrip-v1,forward_roundtrip_sensitivity,within_pool,prior_2d_unimol,roundtrip_beam1,0.9368130489335007,0.0007876763319155928,20,3985,0.7963629096722622,outputs/jcheminform_revision/f1_roundtrip/results/system_metrics.csv,row:system=prior_2d_unimol;metric=roundtrip_beam1
F,F1,f1-chemformer-forward-roundtrip-v1,forward_roundtrip_sensitivity,within_pool,prior_2d_unimol,roundtrip_beam5,0.9562735257214555,0.0007971913176956722,20,3985,0.7963629096722622,outputs/jcheminform_revision/f1_roundtrip/results/system_metrics.csv,row:system=prior_2d_unimol;metric=roundtrip_beam5
